week_start,total_members,new_members,active_members,posts_and_replies,threads,threads_with_reply,median_hours_to_first_reply,new_members_active_after_4w,moderation_actions
2026-01-05,64,4,16,26,9,7,4.2,,0
2026-01-12,70,6,20,36,12,8,4.6,,0
2026-01-19,77,7,21,36,12,8,6.2,,0
2026-01-26,83,6,20,39,13,11,1.8,,0
2026-02-02,88,5,17,32,11,9,2.9,2,3
2026-02-09,94,6,19,32,11,9,5.7,2,1
2026-02-16,98,4,21,45,15,11,3.7,1,3
2026-02-23,101,3,27,45,15,11,5.2,1,1
2026-03-02,111,10,29,58,20,17,2.6,4,0
2026-03-09,121,10,43,72,25,20,7.4,5,1
2026-03-16,125,4,31,63,22,19,8.6,1,3
2026-03-23,127,2,23,53,18,13,5.8,0,1
2026-03-30,132,5,34,55,19,15,2.8,1,0
2026-04-06,139,7,28,52,18,15,4.5,3,1
2026-04-13,146,7,35,86,30,26,8.0,2,1
2026-04-20,152,6,45,102,35,27,3.2,1,0
2026-04-27,157,5,37,80,28,21,1.5,2,1
2026-05-04,163,6,41,78,27,19,7.9,3,3
2026-05-11,174,11,58,138,48,42,7.5,4,1
2026-05-18,178,4,48,99,34,26,2.9,2,1
2026-05-25,184,6,34,54,18,13,2.3,2,0
2026-06-01,191,7,35,63,22,17,6.3,3,2
2026-06-08,195,4,54,140,49,39,5.1,1,0
2026-06-15,201,6,54,126,44,35,6.7,2,0
2026-06-22,208,7,41,87,30,21,5.5,3,0
2026-06-29,212,4,55,102,35,27,2.8,1,2
